{"cameraMode":{"drawMode":0,"name":"Shaded","section":"Shading Mode"},"sceneLighting":false,"audioPlay":false,"sceneViewState":{"showFog":true,"showMaterialUpdate":true,"showSkybox":false,"showFlares":true,"showImageEffects":true,"showParticleSystems":true},"in2DMode":false,"pivot":{"x":0.00618337094783783,"y":0.4184126853942871,"z":0.07122398912906647},"rotation":{"x":-0.3401903212070465,"y":0.3281804025173187,"z":-0.12804220616817475,"w":-0.8719079494476318},"size":0.4993650019168854,"orthographic":true}