{"cameraMode":{"drawMode":0,"name":"Shaded","section":"Shading Mode"},"sceneLighting":false,"audioPlay":false,"sceneViewState":{"showFog":true,"showMaterialUpdate":true,"showSkybox":false,"showFlares":true,"showImageEffects":true,"showParticleSystems":true},"in2DMode":false,"pivot":{"x":-8.508037567138672,"y":-15.46170425415039,"z":27.480327606201173},"rotation":{"x":-0.28604167699813845,"y":0.32352423667907717,"z":-0.10326853394508362,"w":-0.8960384130477905},"size":45.6055908203125,"orthographic":false}