{"cameraMode":{"drawMode":0,"name":"Shaded","section":"Shading Mode"},"sceneLighting":false,"audioPlay":false,"sceneViewState":{"showFog":true,"showMaterialUpdate":true,"showSkybox":false,"showFlares":true,"showImageEffects":true,"showParticleSystems":true},"in2DMode":false,"pivot":{"x":3.771320343017578,"y":-7.214023590087891,"z":11.160247802734375},"rotation":{"x":-0.1847691833972931,"y":0.45293837785720827,"z":-0.09652824699878693,"w":-0.866849958896637},"size":18.44646644592285,"orthographic":false}