{"cameraMode":{"drawMode":0,"name":"Shaded","section":"Shading Mode"},"sceneLighting":false,"audioPlay":false,"sceneViewState":{"showFog":true,"showMaterialUpdate":true,"showSkybox":false,"showFlares":true,"showImageEffects":true,"showParticleSystems":true},"in2DMode":false,"pivot":{"x":-19.993816375732423,"y":0.4184126853942871,"z":-4.428775787353516},"rotation":{"x":-0.35355567932128909,"y":0.2666550278663635,"z":-0.10588020086288452,"w":-0.8903475403785706},"size":0.4993650019168854,"orthographic":false}