{"cameraMode":{"drawMode":0,"name":"Shaded","section":"Shading Mode"},"sceneLighting":false,"audioPlay":false,"sceneViewState":{"showFog":true,"showMaterialUpdate":true,"showSkybox":false,"showFlares":true,"showImageEffects":true,"showParticleSystems":true},"in2DMode":false,"pivot":{"x":6.732959747314453,"y":-10.985994338989258,"z":12.74009895324707},"rotation":{"x":-0.2955714464187622,"y":0.3958941102027893,"z":-0.1362610161304474,"w":-0.8587056398391724},"size":21.34619140625,"orthographic":false}