{"cameraMode":{"drawMode":0,"name":"Shaded","section":"Shading Mode"},"sceneLighting":false,"audioPlay":false,"sceneViewState":{"showFog":true,"showMaterialUpdate":true,"showSkybox":false,"showFlares":true,"showImageEffects":true,"showParticleSystems":true},"in2DMode":false,"pivot":{"x":-7.398166656494141,"y":-19.848888397216798,"z":20.814796447753908},"rotation":{"x":-0.2806605398654938,"y":0.324137806892395,"z":-0.10132651776075363,"w":-0.8977393507957459},"size":33.87946319580078,"orthographic":false}