{"cameraMode":{"drawMode":0,"name":"Shaded","section":"Shading Mode"},"sceneLighting":true,"audioPlay":false,"sceneViewState":{"showFog":true,"showMaterialUpdate":true,"showSkybox":false,"showFlares":true,"showImageEffects":true,"showParticleSystems":true},"in2DMode":false,"pivot":{"x":-10.548921585083008,"y":-12.836858749389649,"z":24.642196655273439},"rotation":{"x":-0.10515467822551727,"y":0.5279185771942139,"z":-0.06605766713619232,"w":-0.8401888608932495},"size":29.5701961517334,"orthographic":false}