{"cameraMode":{"drawMode":0,"name":"Shaded","section":"Shading Mode"},"sceneLighting":false,"audioPlay":false,"sceneViewState":{"showFog":true,"showMaterialUpdate":true,"showSkybox":false,"showFlares":true,"showImageEffects":true,"showParticleSystems":true},"in2DMode":false,"pivot":{"x":-8.155279159545899,"y":4.578123092651367,"z":24.340106964111329},"rotation":{"x":-0.2132994383573532,"y":0.3538261353969574,"z":-0.08321172744035721,"w":-0.9068779945373535},"size":39.00455856323242,"orthographic":false}