{"cameraMode":{"drawMode":0,"name":"Shaded","section":"Shading Mode"},"sceneLighting":false,"audioPlay":false,"sceneViewState":{"showFog":true,"showMaterialUpdate":true,"showSkybox":false,"showFlares":true,"showImageEffects":true,"showParticleSystems":true},"in2DMode":false,"pivot":{"x":0.007390201091766357,"y":0.3325567841529846,"z":0.002955913543701172},"rotation":{"x":-0.3424358367919922,"y":0.3544265925884247,"z":-0.14135022461414338,"w":-0.8585875630378723},"size":0.7301329970359802,"orthographic":true}